Golden Goblin   	  	 359 	 354
Golden Goblin   	  	 819 	 706
Golden Goblin   	  	 961 	 1086
Golden Goblin   	  	 1148 	 893
Golden Goblin   	  	 1086 	 445
Golden Goblin   	  	 893 	 1013
Golden Goblin   	  	 884 	 1025
Golden Goblin   	  	 918 	 565
Golden Goblin   	  	 278 	 741
Golden Goblin   	  	 1163 	 583
Golden Goblin   	  	 995 	 417
Golden Goblin   	  	 205 	 809
Golden Goblin   	  	 1110 	 413
Golden Goblin   	  	 1077 	 423
Golden Goblin   	  	 926 	 698
Golden Goblin   	  	 1159 	 11
Golden Goblin   	  	 349 	 281
Golden Goblin   	  	 71 	 669
Golden Goblin   	  	 1002 	 171
Golden Goblin   	  	 326 	 333
Golden Goblin   	  	 257 	 531
Golden Goblin   	  	 1145 	 438
Golden Goblin   	  	 1141 	 425
Golden Goblin   	  	 257 	 13
Golden Goblin   	  	 145 	 964
Golden Goblin   	  	 971 	 764
Golden Goblin   	  	 257 	 627
Golden Goblin   	  	 625 	 581
Golden Goblin   	  	 1182 	 765
Golden Goblin   	  	 597 	 1047
Golden Goblin   	  	 509 	 337
Golden Goblin   	  	 285 	 54
Golden Goblin   	  	 727 	 1053
Golden Goblin   	  	 94 	 357
Golden Goblin   	  	 995 	 201
Golden Goblin   	  	 573 	 654
Golden Goblin   	  	 378 	 1167
Golden Goblin   	  	 743 	 1099
Golden Goblin   	  	 794 	 123
Golden Goblin   	  	 147 	 697
Golden Goblin   	  	 825 	 251
Golden Goblin   	  	 211 	 287
Golden Goblin   	  	 1051 	 719
Golden Goblin   	  	 907 	 1146
Golden Goblin   	  	 45 	 862
Golden Goblin   	  	 26 	 795
Golden Goblin   	  	 661 	 942
Golden Goblin   	  	 1050 	 935
Golden Goblin   	  	 93 	 791
Golden Goblin   	  	 695 	 43
Golden Goblin   	  	 111 	 1173
Golden Goblin   	  	 107 	 1074
Golden Goblin   	  	 163 	 23
Golden Goblin   	  	 945 	 846
Golden Goblin   	  	 213 	 423
Golden Goblin   	  	 813 	 894
Golden Goblin   	  	 15 	 461
Golden Goblin   	  	 210 	 543
Golden Goblin   	  	 250 	 531
Golden Goblin   	  	 1134 	 981
Golden Goblin   	  	 263 	 451
Golden Goblin   	  	 341 	 505
Golden Goblin   	  	 355 	 993
Golden Goblin   	  	 185 	 843
Golden Goblin   	  	 315 	 529
Golden Goblin   	  	 297 	 475
Golden Goblin   	  	 770 	 303
Golden Goblin   	  	 529 	 797
Golden Goblin   	  	 812 	 281
Golden Goblin   	  	 898 	 334
Golden Goblin   	  	 120 	 295
Golden Goblin   	  	 445 	 953
Golden Goblin   	  	 939 	 938
Golden Goblin   	  	 951 	 954
Golden Goblin   	  	 383 	 935
Golden Goblin   	  	 375 	 957
Golden Goblin   	  	 35 	 199
Golden Goblin   	  	 1113 	 891
Golden Goblin   	  	 863 	 1171
Golden Goblin   	  	 179 	 620
Golden Goblin   	  	 703 	 213
Golden Goblin   	  	 1079 	 211
Golden Goblin   	  	 158 	 801
Golden Goblin   	  	 829 	 41
Golden Goblin   	  	 967 	 292
Golden Goblin   	  	 954 	 311
Golden Goblin   	  	 239 	 884
Golden Goblin   	  	 991 	 251
Golden Goblin   	  	 663 	 1117
Golden Goblin   	  	 251 	 871
Golden Goblin   	  	 19 	 1175
Golden Goblin   	  	 889 	 867
Golden Goblin   	  	 479 	 571
Golde Goblin   	